path,kind,filename_score,read_status,fieldnames,row_count,slot_like_fields,pair_like_fields,route_like_fields,candidate_bridge
artifacts/csv/g900_six_nine_corrected_target_union_compare_059_nearest_diff_rows.v1.csv,csv,4,csv_read,i;membership;source_file;json_path;artifact;artifact_family;key;pair_key;source_endpoints;source_pair;context_context_ladder;context_is_target_foundation_packet;source_root_slot;source_limit_transition;source_side_gap_signature;nonfoundation_packet_keys;broken_ladder;phase_ladder_values;inside_moving_endpoint;outside_moving_endpoint;anchor;root,20,source_root_slot,pair_key;source_pair,,True
artifacts/csv/g900_six_nine_final_pair_identity_set_anatomy_066_pair_identity_rows.v1.csv,csv,3,csv_read,i;side;branch;pair_id;row_class;is_orphan;source_file;json_path;artifact;artifact_family;key;pair_key;pair;source_endpoints;source_pair;source_limit_start;source_limit_transition;source_root_slot;source_side_gap;source_side_gap_signature;anchor;root;inside_moving_endpoint;outside_moving_endpoint;ladder;broken_ladder;phase_ladder_values,20,source_root_slot,pair_id;pair_key;pair;source_pair,,True
artifacts/csv/g900_six_nine_normalized_union_overlap_060_best_normalized_diff_rows.v1.csv,csv,3,csv_read,i;membership;source_file;json_path;artifact;artifact_family;key;pair_key;pair;source_endpoints;source_pair;source_limit_start;source_limit_transition;source_root_slot;source_side_gap;source_side_gap_signature;anchor;root;inside_moving_endpoint;outside_moving_endpoint;ladder;broken_ladder;phase_ladder_values;nonfoundation_packet_keys;is_target_foundation_packet,8,source_root_slot,pair_key;pair;source_pair,,True
artifacts/csv/g900_six_nine_one_row_correction_probe_058_candidate_target_rows.v1.csv,csv,3,csv_read,i;source_file;json_path;artifact;artifact_family;key;pair_key;source_endpoints;source_pair;context_context_ladder;context_is_target_foundation_packet;source_root_slot;source_limit_transition;source_side_gap_signature;nonfoundation_packet_keys;broken_ladder;phase_ladder_values;inside_moving_endpoint;outside_moving_endpoint;anchor;root,298,source_root_slot,pair_key;source_pair,,True
artifacts/csv/g900_six_nine_orphan_pair_identity_recovery_064_orphan_rows.v1.csv,csv,3,csv_read,i;membership;source_context_label;source_file;json_path;artifact;artifact_family;key;pair_key;pair;source_endpoints;source_pair;source_limit_start;source_limit_transition;anchor;root;quotient_pair_id_recomputed;recovered_pair_id;recovery_scope;recovery_field;recovery_value;filename_hint_pair_id,2,,pair_key;pair;source_pair;quotient_pair_id_recomputed;recovered_pair_id;filename_hint_pair_id,,True
artifacts/json/g900_six_nine_final_pair_identity_set_anatomy_066.v1.json,json,3,json_read,audit_id;audit_pass;best_branch;best_pair_id_symdiff_count;best_record;best_target_only_pair_ids;best_target_pair_id_count;best_union_only_pair_ids;best_union_pair_id_count;boundary;branch_records_first_30;candidate_122_count;exact_pair_id_closure;next_ascent_target;pair_identity_rows_csv_path;pair_set_status;prior_058_verdict;prior_064_verdict;prior_065_verdict;reading;shell_count;target_058_count;theory_claim;union_candidate_count;verdict;visible_row_count,,,best_pair_id_symdiff_count;best_target_only_pair_ids;best_target_pair_id_count;best_union_only_pair_ids;best_union_pair_id_count;exact_pair_id_closure;pair_identity_rows_csv_path;pair_set_status,,True
artifacts/json/g900_six_nine_orphan_pair_identity_recovery_064.v1.json,json,3,json_read,audit_id;audit_pass;boundary;classified_csv_path;direct_recovered_count;filename_hint_count;next_ascent_target;orphan_records;orphan_row_count;prior_063_verdict;reading;recovered_pair_counts;recovery_status;source_context_counts;theory_claim;verdict,,,recovered_pair_counts,,True
artifacts/json/g900_six_nine_pair_identity_summit_flag_067.v1.json,json,3,json_read,audit_id;audit_pass;best_branch;best_pair_id_symdiff_count;best_target_only_pair_ids;best_union_only_pair_ids;boundary;candidate_122_count;flag_statement;next_ascent_target;prior_066_pair_set_status;prior_066_verdict;six_nine_target_pair_identity_closed;summit_status;target_058_count;theory_claim;union_candidate_count;union_null_component_boundary;verdict,,,best_pair_id_symdiff_count;best_target_only_pair_ids;best_union_only_pair_ids;prior_066_pair_set_status;six_nine_target_pair_identity_closed,,True
artifacts/csv/g900_six_nine_final_quotient_miss_anatomy_063_miss_rows.v1.csv,csv,2,csv_read,i;membership;row_class;quotient_pair_id;quotient_pair_id_recomputed;is_promoted_058_row;source_file;json_path;artifact;artifact_family;key;pair_key;pair;source_endpoints;source_pair;source_limit_start;source_limit_transition;source_root_slot;source_side_gap;source_side_gap_signature;anchor;root;inside_moving_endpoint;outside_moving_endpoint;ladder;broken_ladder;phase_ladder_values;nonfoundation_packet_keys;is_target_foundation_packet,2,source_root_slot,quotient_pair_id;quotient_pair_id_recomputed;pair_key;pair;source_pair,,True
artifacts/csv/g900_six_nine_normalized_diff_anatomy_061_classified_diff_rows.v1.csv,csv,2,csv_read,i;membership;class;pair_signature;source_file;json_path;artifact;artifact_family;key;pair_key;pair;source_endpoints;source_pair;source_limit_start;source_limit_transition;source_root_slot;source_side_gap;source_side_gap_signature;anchor;root;inside_moving_endpoint;outside_moving_endpoint;ladder;broken_ladder;phase_ladder_values,8,source_root_slot,pair_signature;pair_key;pair;source_pair,,True
artifacts/csv/g900_six_nine_one_row_correction_probe_058_promoted_row_candidates.v1.csv,csv,2,csv_read,i;source_file;json_path;artifact;artifact_family;key;pair_key;source_endpoints;source_pair;context_context_ladder;context_is_target_foundation_packet;source_root_slot;source_limit_transition;source_side_gap_signature;nonfoundation_packet_keys;broken_ladder;phase_ladder_values;inside_moving_endpoint;outside_moving_endpoint;anchor;root,1,source_root_slot,pair_key;source_pair,,True
artifacts/csv/g900_six_nine_orphan_branch_test_065_branch_rows.v1.csv,csv,2,csv_read,i;branch;membership;is_orphan;row_local_pair_id;branch_pair_id;source_file;json_path;artifact;artifact_family;key;pair_key;pair;source_endpoints;source_pair;source_limit_start;source_limit_transition;source_root_slot;source_side_gap;source_side_gap_signature;anchor;root;inside_moving_endpoint;outside_moving_endpoint;ladder;broken_ladder;phase_ladder_values;nonfoundation_packet_keys;is_target_foundation_packet,2,source_root_slot,row_local_pair_id;branch_pair_id;pair_key;pair;source_pair,,True
artifacts/csv/g900_six_nine_surface_quotient_identity_map_062_quotient_diff_rows.v1.csv,csv,2,csv_read,i;membership;quotient_pair_id;source_file;json_path;artifact;artifact_family;key;pair_key;pair;source_endpoints;source_pair;source_limit_start;source_limit_transition;source_root_slot;source_side_gap;source_side_gap_signature;anchor;root;inside_moving_endpoint;outside_moving_endpoint;ladder;broken_ladder;phase_ladder_values;nonfoundation_packet_keys;is_target_foundation_packet,2,source_root_slot,quotient_pair_id;pair_key;pair;source_pair,,True
artifacts/json/g900_six_nine_endpoint_contrast_pair_taxonomy_032.v1.json,json,2,json_read,all_enriched_contrasts_first_50;audit_id;audit_pass;boundary;derived_or_excluded_contrast_count_in_sample;full_pair_counts;next_ascent_target;non_source_contrast_count_in_sample;non_source_contrasts_first_30;prior_031_contrast_chord_row_count;prior_031_distinct_pair_count;prior_031_endpoint_like_pair_row_count;prior_031_scope_status;prior_031_target_chord_row_count;prior_031_verdict;reading;sample_artifact_family_counts;sample_layer_counts;sample_pair_counts;source_like_contrast_count_in_sample;source_like_contrast_pair_keys;source_like_contrasts_first_30;stored_contrast_sample_count;taxonomy_status;theory_claim;verdict,,,full_pair_counts;prior_031_distinct_pair_count;prior_031_endpoint_like_pair_row_count;sample_pair_counts;source_like_contrast_pair_keys,,True
artifacts/json/g900_six_nine_final_quotient_miss_anatomy_063.v1.json,json,2,json_read,audit_id;audit_pass;boundary;class_counts;classified_csv_path;diff_row_count;diff_rows;membership_counts;miss_status;next_ascent_target;prior_058_verdict;prior_062_best_mode;prior_062_best_signature_symdiff_count;prior_062_verdict;promoted_058_row_in_diff;promoted_058_row_memberships;promoted_058_rows;quotient_pair_id_counts;reading;target_only_quotient_pair_ids;target_quotient_pair_id_counts;theory_claim;union_only_quotient_pair_ids;union_quotient_pair_id_counts;verdict,,,quotient_pair_id_counts;target_only_quotient_pair_ids;target_quotient_pair_id_counts;union_only_quotient_pair_ids;union_quotient_pair_id_counts,,True
artifacts/json/g900_six_nine_normalized_diff_anatomy_061.v1.json,json,2,json_read,anatomy_status;audit_id;audit_pass;boundary;class_counts;classified_diff_csv_path;diff_is_surface_mismatch_candidate;diff_row_count;membership_counts;next_ascent_target;pair_signature_count;prior_060_best_mode;prior_060_best_signature_symdiff_count;prior_060_verdict;reading;signature_records;target_class_counts;theory_claim;union_class_counts;verdict,,,pair_signature_count,,True
artifacts/json/g900_six_nine_null_well_summit_flag_067.v1.json,json,2,json_read,audit_id;audit_pass;best_branch;best_pair_id_symdiff_count;best_target_only_pair_ids;best_union_only_pair_ids;boundary;candidate_122_count;flag_statement;next_ascent_target;null_well_candidate;prior_066_pair_set_status;prior_066_verdict;return_home_statement;six_nine_pair_identity_closed;summit_status;target_058_count;theory_claim;union_candidate_count;verdict,,,best_pair_id_symdiff_count;best_target_only_pair_ids;best_union_only_pair_ids;prior_066_pair_set_status;six_nine_pair_identity_closed,,True
artifacts/json/g900_six_nine_orphan_branch_test_065.v1.json,json,2,json_read,artifact_admit_pair_identity_closure_count;artifact_admit_stronger_closure_count;audit_id;audit_pass;boundary;branch_results_first_20;branch_rows_csv_path;branch_status;candidate_122_count;next_ascent_target;orphan_exclude_pair_identity_closure_count;orphan_exclude_stronger_closure_count;orphan_hint_count;prior_058_verdict;prior_064_verdict;reading;shell_count;target_058_count;theory_claim;union_candidate_count;verdict;visible_row_count,,,artifact_admit_pair_identity_closure_count;orphan_exclude_pair_identity_closure_count,,True
artifacts/json/g900_six_nine_return_home_receipt_ledger_068.v1.json,json,2,json_read,arrival_status;artifacts_exist;audit_id;audit_pass;boundaries_intact;boundary;closed_claim;current_head_full;current_head_short;failed_boundary_check_count;failed_boundary_checks;failed_hold_check_count;failed_hold_checks;holds_verified;missing_artifacts;next_ascent_target;no_new_summit_claim;open_boundary;reader_choice_statement;route_holds;summit_commit_full;summit_commit_short;summit_supported;theory_claim;verdict,,,,failed_hold_check_count;failed_hold_checks;holds_verified;route_holds,True
artifacts/json/g900_six_nine_source_geometry_packet_parser_repair_007.v1.json,json,2,json_read,all_packet_row_count;anchor_values;artifact_counts_top_30;artifact_scan_count;audit_id;audit_pass;base_packet_checks;base_source_geometry_packet_hold_found;best_clean_ladder_selector_rule;boundary;branch_packet_checks;branch_value_family_hold_found;clean_ladder_selector_hold_found;clean_ladder_selector_rule_count;clean_ladder_selector_rules_first_20;deduped_foundation_row_count;derivation_status;evidence_key_counts_top_50;foundation_rows_first_80;inside_moving_endpoint_values;ladder_values;next_ascent_target;outside_moving_endpoint_values;packet_field_count_distribution;phase_step_mod15_values;prior_005_nonleaky_full_packet_row_count;prior_005_verdict;prior_006_raw_foundation_row_count;prior_006_verdict;raw_foundation_row_count;source_endpoints_values;source_limit_start_values;source_side_gap_values;theory_claim;verdict,,,,base_source_geometry_packet_hold_found;branch_value_family_hold_found;clean_ladder_selector_hold_found;phase_step_mod15_values,True
artifacts/json/g900_six_nine_surface_quotient_identity_map_062.v1.json,json,2,json_read,audit_id;audit_pass;best_quotient_diff_csv_path;boundary;candidate_122_count;comparisons_first_20;exact_matches_first_30;exact_pair_identity_match_count;exact_stronger_quotient_match_count;exact_surface_quotient_match_count;next_ascent_target;prior_052_verdict;prior_058_verdict;prior_060_verdict;prior_061_verdict;quotient_identity_match_found;quotient_modes;quotient_status;reading;shell_count;stronger_quotient_match_found;target_058_count;theory_claim;union_candidate_count;verdict;visible_row_count,,,exact_pair_identity_match_count,,True
artifacts/json/g900_six_nine_target_only_signature_selector_037.v1.json,json,2,json_read,audit_id;audit_pass;boundary;exact_selector_found;next_ascent_target;prior_035_verdict;prior_036_verdict;reading;safe_signature;safe_signature_feature_count;selected_contrast_count;selected_contrasts_first_30;selected_pair_counts;selected_row_count;selected_rows_first_30;selected_target_count;selector_status;strongest_family_contrast_count;strongest_family_row_count;strongest_family_target_count;strongest_target_only_family;theory_claim;true_source_contrast_row_count;true_source_row_count;true_source_target_row_count;verdict,,,selected_pair_counts,,True
artifacts/json/g900_six_nine_two_route_half_turn_audit_001.v1.json,json,2,json_read,audit_pass;boundary;checks;created_utc;failed_checks;git_head;hashes;hypothesis;internal_plus30_route;interpretation_boundary;next_allowed_math_acts;prior_explicit_search;reading;reverse_route;route_definitions;schema;status;two_route_status;verdict;version;wrap_route,,,,internal_plus30_route;reverse_route;route_definitions;two_route_status;wrap_route,True
artifacts/json/g900_slot_pair_boundary_carrier_census_v0.1.json,json,2,json_read,bad_edge_count;body;body_version;boundary;boundary_edge_count;candidate_family;edge_count;internal_edge_count;missing_endpoint_edge_count;schema;slot_count;slot_pair_count;slot_pair_edge_count_set;slot_pair_endpoint_vertex_count_set;slot_pairs;slot_size_counts;status;tuple_edge_count;version;vertex_count,,slot_count;slot_pair_count;slot_pair_edge_count_set;slot_pair_endpoint_vertex_count_set;slot_pairs;slot_size_counts,slot_pair_count;slot_pair_edge_count_set;slot_pair_endpoint_vertex_count_set;slot_pairs,,True
artifacts/json/g900_slot_pair_boundary_carriers_admission_v0.1.json,json,2,json_read,admitted_slot_pair_carrier_count;body;body_version;boundary;carrier_set_count_after_admission;carrier_set_id;counts;per_slot_pair_edge_count;per_slot_pair_endpoint_vertex_count;rail_count_after_admission;schema;source_census;status;total_boundary_edges;version,,admitted_slot_pair_carrier_count;per_slot_pair_edge_count;per_slot_pair_endpoint_vertex_count,admitted_slot_pair_carrier_count;per_slot_pair_edge_count;per_slot_pair_endpoint_vertex_count,,True
artifacts/csv/g900_phase_transition_grammar_001_pairs.v1.csv,csv,1,csv_read,pair_key;transition_count;root_count;root_slot_counts;direction_counts;transition_kind_counts;reciprocal_single_transition_count;sample_roots;channels_admitted,28,root_slot_counts,pair_key,,True
artifacts/csv/g900_primary_slot_projection_census_001_rows.v1.csv,csv,1,csv_read,root;root_slot;root_local;count_signature;vertex_count;edge_count;edge_hit_count;max_edge_overlap;primary_rail_id;primary_set_id;primary_kind;primary_slot_label;primary_vertex_overlap;primary_edge_overlap;primary_aligns_with_root_slot;channels_admitted,900,root_slot;primary_slot_label;primary_aligns_with_root_slot,,,True
artifacts/csv/g900_return_cell_packet_successor_rule_scout_003_target_packet.v1.csv,csv,1,csv_read,q_index;segment_role;edge_id;edge_index;from_vertex;to_vertex;from_slot;to_slot;from_limit;to_limit;anchor_limit;same_anchor_limit;target_endpoint_anchored;source_endpoint_anchored;source_limit_distance;target_limit_distance;total_limit_distance;selection_score,4,from_slot;to_slot,,,True
artifacts/csv/g900_six_nine_strong_packet_candidate_rowset_export_052_rows.v1.csv,csv,1,csv_read,i;source_file;json_path;artifact;artifact_family;key;pair_key;source_endpoints;source_pair;source_root_slot;source_limit_transition;source_inside_failure_proxy;broken_ladder;phase_ladder_values;inside_moving_endpoint;outside_moving_endpoint;anchor;root,122,source_root_slot,pair_key;source_pair,,True
artifacts/csv/g900_transport_choice_f0001_anchor_source_probe_051_slot14_incident_edges.v1.csv,csv,1,csv_read,neighbor_slot;carrier;global_row_count;slot_presence_count;dominant_value_pair;target_value_pair;target_incidence_class;is_target_anchor;selected_by_global_row_count_ge_180;selected_by_slot_presence_count_ge_3;selected_by_top3_global_incident;promotion_status,4,neighbor_slot;slot_presence_count;selected_by_slot_presence_count_ge_3,dominant_value_pair;target_value_pair,,True
artifacts/csv/g900_transport_choice_f0001_fingerprint_cause_probe_040_pair_feature_matrix.v1.csv,csv,1,csv_read,pair_variables;pair_values_ordered;pair_position_class;permission_status;matched_field:missing_role_token;permission_status:denied_visible_edge;position_class:prefix_terminal_edge;permission_status:allowed_local_member;context_keyword:boundary;context_keyword:boundary_carrier;context_keyword:carrier;context_keyword:token;matched_field:token;numeric:construction_csv_row_hit_count;numeric:construction_file_hit_count;numeric:csv_row_hit_count;numeric:other_file_hit_count;numeric:source_file_hit_count;source_bucket:projection_exception;source_class:construction_surface;source_class:other_surface,6,,pair_variables;pair_values_ordered;pair_position_class,,True
artifacts/csv/g900_transport_choice_f0001_permission_denial_probe_038_pair_profile.v1.csv,csv,1,csv_read,pair_variables;pair_values_ordered;pair_values_sorted;path_index_gap;pair_position_class;role_adjacent;is_prefix_terminal_edge;is_suffix_terminal_edge;observed_as_size_2_member;denied_from_size_2_members;direct_edge_token;reverse_edge_token;permission_status;promoted_to_source_law;promoted_to_admission,6,,pair_variables;pair_values_ordered;pair_values_sorted;pair_position_class,,True
artifacts/csv/g900_transport_choice_f0001_root_smoke_slot14_anatomy_046_signature_parts.v1.csv,csv,1,csv_read,signature_part;carrier;value_pair;part_kind;slot14_count;slot14_rate;is_target_internal_carrier;is_target_boundary_carrier;promotion_status,18,slot14_count;slot14_rate,value_pair,,True
artifacts/csv/g900_transport_choice_f0001_root_smoke_slot14_anatomy_046_slot14_rows.v1.csv,csv,1,csv_read,row_index;slot;local;root;edge_count;vertex_count;edge_hit_count;max_edge_overlap;max_vertex_overlap;entry_count;internal_entry_count;boundary_entry_count;max_pair;all_target_internal_5_4;all_cluster_carriers_present;slot_05_internal_carrier;slot_08_internal_carrier;slot_10_internal_carrier;slot_14_internal_carrier;slot_pair_04_05_boundary_carrier;slot_pair_05_10_boundary_carrier;slot_pair_05_14_boundary_carrier;is_target_surface;hit_signature_prefix_120;promoted_to_source_law;promoted_to_admission,60,slot;slot_05_internal_carrier;slot_08_internal_carrier;slot_10_internal_carrier;slot_14_internal_carrier;slot_pair_04_05_boundary_carrier;slot_pair_05_10_boundary_carrier;slot_pair_05_14_boundary_carrier,max_pair;slot_pair_04_05_boundary_carrier;slot_pair_05_10_boundary_carrier;slot_pair_05_14_boundary_carrier,,True
artifacts/csv/g900_transport_choice_f0001_root_smoke_slot14_anatomy_046_slot_profiles.v1.csv,csv,1,csv_read,slot;row_count;target_surface_count;local_count;edge_hit_count_profile;max_edge_overlap_profile;max_vertex_overlap_profile;vertex_count_profile;edge_count_profile;max_pair_profile;all_target_internal_5_4_count;all_cluster_carriers_present_count;boundary_04_05_present_count;boundary_05_10_present_count;boundary_05_14_present_count;unique_hit_signature_prefix_120_count;slot14_relation;promotion_status,15,slot;slot14_relation,max_pair_profile,,True
artifacts/csv/g900_transport_choice_f0001_shell_cluster_rule_probe_042_pair_cluster_matrix.v1.csv,csv,1,csv_read,pair_variables;pair_values_ordered;pair_position_class;permission_status;rail_slot_pair:04_05;rail_internal_slot:05;rail_internal_slot:08;rail_internal_slot:10;rail_internal_slot:14;rail_slot_pair:05_10;rail_slot_pair:05_14;cluster_present_count;has_full_cluster;has_lock_edge;has_outer_05_10_or_05_14,6,rail_slot_pair:04_05;rail_internal_slot:05;rail_internal_slot:08;rail_internal_slot:10;rail_internal_slot:14;rail_slot_pair:05_10;rail_slot_pair:05_14,pair_variables;pair_values_ordered;pair_position_class;rail_slot_pair:04_05;rail_slot_pair:05_10;rail_slot_pair:05_14,,True
artifacts/csv/g900_transport_choice_f0001_shell_position_cause_probe_041_pair_shell_features.v1.csv,csv,1,csv_read,pair_variables;pair_values_ordered;pair_position_class;permission_status;rail_internal_slot:05;rail_internal_slot:08;rail_internal_slot:10;rail_internal_slot:14;rail_slot_pair:04_05;rail_slot_pair:05_10;rail_slot_pair:05_14;context_keyword:boundary;context_keyword:boundary_carrier;context_keyword:carrier;numeric_proxy:construction_csv_row_hit_count;numeric_proxy:construction_file_hit_count;numeric_proxy:csv_row_hit_count;numeric_proxy:source_file_hit_count;rail_slot_pair_has_boundary_carrier;shell_proxy:slot_pair_boundary;source_class:construction_surface;position_class:prefix_terminal_edge,6,rail_internal_slot:05;rail_internal_slot:08;rail_internal_slot:10;rail_internal_slot:14;rail_slot_pair:04_05;rail_slot_pair:05_10;rail_slot_pair:05_14;rail_slot_pair_has_boundary_carrier;shell_proxy:slot_pair_boundary,pair_variables;pair_values_ordered;pair_position_class;rail_slot_pair:04_05;rail_slot_pair:05_10;rail_slot_pair:05_14;rail_slot_pair_has_boundary_carrier;shell_proxy:slot_pair_boundary,,True
artifacts/csv/g900_transport_choice_f0001_slot14_boundary14_origin_probe_048_row_boundary_anatomy.v1.csv,csv,1,csv_read,row_index;slot;local;root;edge_hit_count;signature_entry_count;internal_entry_count;boundary_entry_count;inner_tie_count;anchor_spoke_count;outer_return_count;boundary_value_10_1_count;boundary_value_6_1_count;boundary_value_2_1_count;boundary_value_profile;boundary_incidence_profile;boundary_class_value_profile;internal_anchor_set;boundary_carrier_set;is_slot14;is_target_surface;hit_signature_prefix_120;promoted_to_source_law;promoted_to_admission,900,slot;is_slot14,,,True
artifacts/csv/g900_transport_choice_f0001_slot14_boundary14_origin_probe_048_slot14_boundary_parts.v1.csv,csv,1,csv_read,carrier;left_slot;right_slot;value_pair;anchor_hit_count;incidence_class;row_count;rate;promotion_status,14,left_slot;right_slot,value_pair,,True
artifacts/csv/g900_transport_choice_f0001_slot14_boundary14_origin_probe_048_slot_profiles.v1.csv,csv,1,csv_read,slot;row_count;target_surface_count;boundary_entry_count_profile;inner_tie_count_profile;anchor_spoke_count_profile;outer_return_count_profile;boundary_value_profile;boundary_incidence_profile;boundary_class_value_profile;slot_relation;promotion_status,15,slot;slot_relation,,,True
artifacts/csv/g900_transport_choice_f0001_slot14_boundary_carrier_choice_probe_049_carrier_profiles.v1.csv,csv,1,csv_read,carrier;left_slot;right_slot;is_target_carrier;target_value_pair;target_incidence_class;anchor_hit_count;anchor_relative_class;global_row_count;slot_presence_count;slot_presence_profile;dominant_value_pair;value_profile;target_surface_occurrence_count;slot14_occurrence_count;left_degree_in_target_graph;right_degree_in_target_graph;endpoint_degree_pair_in_target_graph;touches_return_hub;promotion_status,30,left_slot;right_slot;slot_presence_count;slot_presence_profile;slot14_occurrence_count,target_value_pair;dominant_value_pair;endpoint_degree_pair_in_target_graph,,True
artifacts/csv/g900_transport_choice_f0001_slot14_edgehit18_origin_probe_047_row_anatomy.v1.csv,csv,1,csv_read,row_index;slot;local;root;edge_count;vertex_count;edge_hit_count;max_edge_overlap;max_vertex_overlap;signature_entry_count;internal_entry_count;boundary_entry_count;other_entry_count;carrier_sum;edge_hit_equals_signature_entry_count;edge_hit_equals_internal_plus_boundary_plus_other;internal_plus_boundary_profile;max_pair;all_target_internal_5_4;all_target_boundary_present;is_slot14;is_target_surface;hit_signature_prefix_120;promoted_to_source_law;promoted_to_admission,900,slot;is_slot14,max_pair,,True
artifacts/csv/g900_transport_choice_f0001_slot14_edgehit18_origin_probe_047_slot14_signature_parts.v1.csv,csv,1,csv_read,signature_part;carrier;value_pair;part_kind;slot14_count;slot14_rate;contributes_to_internal_count;contributes_to_boundary_count;is_target_internal_carrier;is_target_boundary_carrier;promotion_status,18,slot14_count;slot14_rate,value_pair,,True
artifacts/csv/g900_transport_choice_f0001_slot14_edgehit18_origin_probe_047_slot_profiles.v1.csv,csv,1,csv_read,slot;row_count;target_surface_count;edge_hit_count_profile;signature_entry_count_profile;internal_entry_count_profile;boundary_entry_count_profile;other_entry_count_profile;internal_plus_boundary_profile;max_pair_profile;edge_hit_equals_entry_count;slot_relation;promotion_status,15,slot;slot_relation,max_pair_profile,,True
artifacts/csv/g900_transport_choice_f0001_slot14_hub_leaf_source_probe_050_carrier_reconstruction.v1.csv,csv,1,csv_read,carrier;left_slot;right_slot;dominant_value_pair;target_class;predicted_class;is_target_carrier;is_predicted_carrier;prediction_matches_target;left_source_role;right_source_role;promotion_status,30,left_slot;right_slot,dominant_value_pair,,True
artifacts/csv/g900_transport_choice_f0001_slot14_hub_leaf_source_probe_050_endpoint_profiles.v1.csv,csv,1,csv_read,slot;full_carrier_degree;target_graph_degree;predicted_graph_degree;is_anchor;is_target_return_hub;is_target_leaf;is_target_omitted;source_role;source_anchor_neighbor_count;source_anchor_neighbors;source_connected_to_return_hub;incident_carriers;incident_target_carriers;incident_predicted_carriers;prediction_matches_target_degree;promotion_status,15,slot,,,True
artifacts/csv/g900_transport_choice_f0001_strength_native_probe_052_slot_strength_profiles.v1.csv,csv,1,csv_read,slot;incident_carriers_by_strength;incident_global_counts_by_strength;top3_incident_carriers;top3_neighbors;weak_incident_carriers;weak_neighbors;top3_handle_self_plus_neighbors;top3_handle_matches_target_anchors;third_global_count;fourth_global_count;rank_gap_third_minus_fourth;strict_top3_gap;has_180_cut_between_third_and_fourth;promotion_status,15,slot,,,True
artifacts/csv/g900_transport_choice_f0001_visibility_source_anatomy_039_pair_summary.v1.csv,csv,1,csv_read,pair_variables;pair_values_ordered;pair_values_sorted;pair_position_class;permission_status;source_file_hit_count;construction_file_hit_count;prior_transport_file_hit_count;choice_excluded_file_hit_count;other_file_hit_count;csv_row_hit_count;construction_csv_row_hit_count;source_class_profile;construction_bucket_profile;top_matched_fields;construction_sample_paths;visibility_anatomy_status;promoted_to_source_law;promoted_to_admission,6,,pair_variables;pair_values_ordered;pair_values_sorted;pair_position_class,,True
artifacts/csv/g900_transport_choice_f0001_weak_incident_edge_probe_053_cut_slot_weak_edges.v1.csv,csv,1,csv_read,slot;incident_carriers_by_strength;incident_global_counts_by_strength;top3_incident_carriers;top3_neighbors;weak_incident_carriers;weak_neighbors;third_global_count;fourth_global_count;rank_gap_third_minus_fourth;weak_edge_is_target;promotion_status,2,slot,,,True
artifacts/csv/g900_transport_choice_f0001_weak_incident_edge_probe_053_slot14_incident_role_profiles.v1.csv,csv,1,csv_read,local_rank;carrier;neighbor_slot;neighbor_role_050;neighbor_role_class;global_row_count;slot_presence_count;dominant_value_pair;target_incidence_class;local_strength_class;is_slot14_weak_edge;selected_by_neighbor_is_return_hub;selected_by_neighbor_not_anchor_peer;selected_by_rank_four;promotion_status,4,neighbor_slot;slot_presence_count;is_slot14_weak_edge,dominant_value_pair,,True
artifacts/csv/g900_transport_pair_selector_admission_hypothesis_audit_022_hypotheses.v1.csv,csv,1,csv_read,hypothesis_id;hypothesis_status;feature_a;feature_b;seed_value_a;seed_value_b;selector_expression;bucket_count;negative_bucket_count;exact_selects_seed;feature_a_kind;feature_b_kind;feature_a_side;feature_b_side;feature_a_seed_bucket_count;feature_b_seed_bucket_count;feature_a_distinct_count;feature_b_distinct_count;individual_bucket_product;individual_bucket_sum;crosses_sides;uses_support_set;uses_role_pair;uses_role_vertex;admission_effect;new_permission_channel_admitted;new_information_transport_admitted;new_flux_witness_declared,11,,uses_role_pair,,True
artifacts/json/g900_0309_vs_0609_2324_fork_audit_001.v1.json,json,1,json_read,answer;audit_pass;blocked_differences;boundary;checks;created_utc;delta_vertex_count_comparison;failed_checks;fork_pair_counts;fork_row_count;fork_status;git_head;hashes;next_allowed_math_acts;non_support_differences;prior_state;question;sample_rows_03_09_first_12;sample_rows_06_09_first_12;schema;status;summary_03_09;summary_06_09;verdict;version,,,fork_pair_counts,,True
artifacts/json/g900_full60_endpoint_pair_hit_inspection_001.v1.json,json,1,json_read,audit_pass;boundary;checks;created_utc;failed_checks;full60_dict_hits;full60_field_hits;full60_list_hits;hit_pair_records;hit_slot_counts;interpretation;pair_summary;question;schema;status;version,,hit_slot_counts,hit_pair_records;pair_summary,,True
artifacts/json/g900_full60_hit_pair_g15_subgraph_audit_001.v1.json,json,1,json_read,audit_pass;boundary;checks;created_utc;failed_checks;hit_package_rows;interpretation;package_summary_for_hit_pairs;pair_sets;question;schema;status;subgraph_invariants;version,,,package_summary_for_hit_pairs;pair_sets,,True
artifacts/json/g900_pair_root_alignment_spectrum_audit_001.v1.json,json,1,json_read,alignment_matches;alignment_pair_roots;all_pair_root_homes;audit_pass;boundary;checks;counts;created_utc;failed_checks;git_head;hashes;interpretation_boundary;next_allowed_math_acts;question;reading;schema;spectrum_status;status;target_home;verdict;version,,,alignment_pair_roots;all_pair_root_homes,,True
artifacts/json/g900_pair_root_triplet_03_09_root9_audit_001.v1.json,json,1,json_read,audit_pass;boundary;checks;created_utc;failed_checks;git_head;hashes;interpretation_boundary;next_allowed_math_acts;nonanswer_pair_root_home;question;reading;registry_census;schema;status;target_pair_root_home;triplet_status;verdict;version,,,nonanswer_pair_root_home;target_pair_root_home,,True
artifacts/json/g900_root_slot_12_2324_compound_zero_hit_audit_001.v1.json,json,1,json_read,answer;audit_pass;boundary;checks;compound_limit_counts;compound_pair_counts;compound_row_count;compound_status;compound_summary;created_utc;exact_equivalence;failed_checks;false_negative_count;false_negative_summary;false_positive_count;false_positive_summary;git_head;global_row_count;hashes;next_allowed_math_acts;noncompound_row_count;nonzero_hit_row_count;prior_state;question;sample_compound_rows_first_12;sample_false_negative_rows_first_12;sample_false_positive_rows_first_12;sample_zero_rows_first_12;schema;selector;status;verdict;version;zero_hit_limit_counts;zero_hit_pair_counts;zero_hit_row_count;zero_hit_summary,,,compound_pair_counts;zero_hit_pair_counts,,True
artifacts/json/g900_root_slot_12_global_scope_audit_001.v1.json,json,1,json_read,answer;audit_pass;boundary;checks;created_utc;failed_checks;git_head;global_nonzero_hit_count;global_row_count;global_zero_hit_count;hashes;limit_summaries;next_allowed_math_acts;nonzero_hit_by_limit;nonzero_hit_by_root_slot;prior_state;question;root_slot_12_limit_profile;root_slot_12_nonzero_hit_count;root_slot_12_nonzero_limit_profile;root_slot_12_row_count;root_slot_12_zero_hit_count;root_slot_12_zero_limit_profile;root_slot_summaries;sample_root_slot_12_nonzero_rows_first_12;sample_root_slot_12_zero_rows_first_12;schema;scope_status;status;verdict;version;zero_hit_by_limit;zero_hit_by_root_slot,,nonzero_hit_by_root_slot;root_slot_12_limit_profile;root_slot_12_nonzero_hit_count;root_slot_12_nonzero_limit_profile;root_slot_12_row_count;root_slot_12_zero_hit_count;root_slot_12_zero_limit_profile;root_slot_summaries;sample_root_slot_12_nonzero_rows_first_12;sample_root_slot_12_zero_rows_first_12;zero_hit_by_root_slot,,,True
artifacts/json/g900_root_slot_12_zero_hit_fork_anatomy_001.v1.json,json,1,json_read,anatomy_status;answer;audit_pass;best_zero_hit_selector;boundary;checks;created_utc;failed_checks;fork_pair_counts;fork_row_count;git_head;hashes;next_allowed_math_acts;nonzero_hit_row_count;pair_summary;prior_state;question;root_slot_counts;root_slot_summary;sample_nonzero_hit_rows_first_12;sample_zero_hit_rows_first_12;schema;status;verdict;version;zero_hit_row_count;zero_hit_selectors,,root_slot_counts;root_slot_summary,fork_pair_counts;pair_summary,,True
artifacts/json/g900_six_nine_boundary_orientation_probe_001.v1.json,json,1,json_read,answer;audit_pass;boundary;boundary_records_first_20;checks;created_utc;current_state;directed_records_first_20;endpoint_records_first_20;extracted_tokens;failed_checks;git_head;hashes;next_allowed_math_acts;orientation_reading;orientation_rows_first_40;orientation_signals;phase_step_records_first_20;question;row_counts;schema;source_counts;status;term_counts;verdict;version,,,,phase_step_records_first_20,True
artifacts/json/g900_six_nine_endpoint_chord_scope_audit_031.v1.json,json,1,json_read,artifact_kind_counts;audit_id;audit_pass;boundary;contrast_chord_row_count;contrast_rows_first_50;distinct_pair_count;endpoint_like_pair_row_count;key_counts_top_30;next_ascent_target;pair_counts;prior_029_origin_status;prior_029_verdict;prior_030_provenance_status;prior_030_verdict;reading;scope_status;target_chord_row_count;target_rows_first_50;theory_claim;verdict,,,distinct_pair_count;endpoint_like_pair_row_count;pair_counts,,True
artifacts/json/g900_six_nine_foundation_packet_origin_selector_008.v1.json,json,1,json_read,artifact_counts;audit_id;audit_pass;best_selector;boundary;candidate_row_count;contrast_row_count;contrast_rows_first_20;exact_selector_count;forbidden_foundation_fields_excluded_as_selectors;forbidden_leakage_fields_excluded;next_ascent_target;origin_status;prior_007_base_source_geometry_packet_hold_found;prior_007_branch_value_family_hold_found;prior_007_verdict;selector_status;selectors_first_30;target_artifact_counts;target_foundation_row_count;target_rows_first_20;theory_claim;verdict,,,,prior_007_base_source_geometry_packet_hold_found;prior_007_branch_value_family_hold_found,True
artifacts/json/g900_six_nine_from_limit_23_source_audit_001.v1.json,json,1,json_read,answer;audit_pass;best_source_candidate;boundary;candidate_groups;checks;created_utc;failed_checks;feature_rows;from23_row_profile;git_head;hashes;next_allowed_math_acts;pair_source_candidates_first_100;prior_state;question;schema;single_source_candidates;source_features_tested;source_status;status;target_feature_row;target_key;triple_source_candidates_first_100;verdict;version,,,pair_source_candidates_first_100,,True
artifacts/json/g900_six_nine_ladder_schema_guided_source_derivation_audit_004.v1.json,json,1,json_read,audit_id;audit_pass;best_order_rule;best_source_geometry_rule;boundary;broken_extracted_row_count;broken_ladder;derivation_status;exact_rule_count;exact_rules_first_30;forbidden_fields_excluded_as_selector_features;micro_003;micro_broken_ladder_occurrence_count;micro_target_clean_ladder_occurrence_count;mixed_rule_count;next_ascent_target;no_leaky_features_used;normalized_branch_row_count;normalized_rows;order_hold_found;order_rule_count;order_rules_first_20;prior_002;row_source;source_geometry_hold_found;source_geometry_rule_count;source_geometry_rules_first_20;target_extracted_row_count;target_ladder;theory_claim;uses_fallback;verdict,,,,order_hold_found;source_geometry_hold_found,True
artifacts/json/g900_six_nine_ladder_schema_microscope_003.v1.json,json,1,json_read,audit_id;audit_pass;boundary;broken_ladder;broken_ladder_occurrence_count;next_step;prior;prior_branch_row_count;prior_exists;prior_label_counts;prior_ladder_counts;prior_row_summary;source;source_exists;source_hits;source_kind_counts;source_ladder_occurrence_count;target_clean_ladder;target_clean_ladder_occurrence_count;theory_claim;verdict,,,,next_step,True
artifacts/json/g900_six_nine_limit_transition_23_24_boundary_probe_001.v1.json,json,1,json_read,answer;audit_pass;best_source_candidate;boundary;checks;created_utc;failed_checks;feature_rows;git_head;hashes;limit_transition_summary;next_allowed_math_acts;pair_source_candidates_first_120;prior_state;probe_status;question;schema;single_source_candidates;source_features_tested;status;target_feature_row;target_key;triple_source_candidates_first_120;verdict;version,,,pair_source_candidates_first_120,,True
artifacts/json/g900_six_nine_native_anchor_asymmetry_audit_001.v1.json,json,1,json_read,absent_selectors;asymmetry_status;audit_pass;boundary;branches;checks;counts;created_utc;failed_checks;feature_boundary;git_head;hashes;interpretation_boundary;next_allowed_math_acts;preferred_receipt_holds;question;reading;receipt_selectors;schema;solid_hold_summary;status;verdict;version,,,,preferred_receipt_holds;solid_hold_summary,True
artifacts/json/g900_six_nine_orientation_law_candidate_001.v1.json,json,1,json_read,answer;audit_pass;best_candidate;boundary;checks;created_utc;direct_label_exact_selectors;failed_checks;feature_groups_for_best_candidate;feature_rows;git_head;hashes;law_status;next_allowed_math_acts;orientation_pair_exact_selectors_first_80;orientation_single_exact_selectors;prior_state;question;schema;status;strong_orientation_pair_exact_selectors_first_80;strong_orientation_single_exact_selectors;support_circular_exact_selectors;target_feature_row;target_key;verdict;version,,,orientation_pair_exact_selectors_first_80;strong_orientation_pair_exact_selectors_first_80,,True
artifacts/json/g900_six_nine_orientation_provenance_nonlabel_audit_001.v1.json,json,1,json_read,allowed_pair_selectors_first_80;allowed_single_selectors;allowed_triple_selectors_first_80;answer;audit_pass;best_nonlabel_candidate;best_nonlabel_candidate_class;blocked_label_single_selectors;blocked_support_single_selectors;boundary;candidate_feature_groups;checks;created_utc;failed_checks;feature_classes;feature_rows;git_head;hashes;next_allowed_math_acts;nonlabel_status;prior_state;question;schema;status;target_feature_row;target_key;verdict;version,,,allowed_pair_selectors_first_80,,True
artifacts/json/g900_six_nine_package_support_field_law_001.v1.json,json,1,json_read,answer;audit_pass;bool_field_summary;boundary;checks;created_utc;failed_checks;field_law_reading;field_law_status;focused_schema_prior;git_head;hashes;next_allowed_math_acts;numeric_field_summary;question;row_counts;schema;six_nine_package_field_distribution;six_nine_package_rows;six_nine_step_field_distribution;six_nine_step_rows_first_80;status;step_field_contrasts;verdict;version,,,,six_nine_step_field_distribution;six_nine_step_rows_first_80;step_field_contrasts,True
artifacts/json/g900_six_nine_source_construction_contrast_filter_034.v1.json,json,1,json_read,audit_id;audit_pass;boundary;classification_counts;contrast_source_like_row_count;filter_status;neighboring_contrast_row_count;neighboring_contrasts_first_30;next_ascent_target;pair_counts;prior_033_inspection_status;prior_033_verdict;reading;source_like_endpoint_row_count;target_source_like_row_count;theory_claim;true_source_candidate_row_count;true_source_confidence_counts;true_source_contrast_artifact_counts_top_30;true_source_contrast_pair_counts;true_source_contrast_row_count;true_source_contrasts_first_50;true_source_pair_counts;true_source_target_row_count;true_source_targets_first_30;verdict,,,pair_counts;true_source_contrast_pair_counts;true_source_pair_counts,,True
artifacts/json/g900_six_nine_source_geometry_address_handle_039.v1.json,json,1,json_read,address_artifact_counts_top_20;address_exact_core;address_handle_contrast_count;address_handle_pair_counts;address_handle_row_count;address_handle_target_count;address_rows_first_30;audit_id;audit_pass;boundary;context_only_artifact_counts_top_20;context_only_handle_contrast_count;context_only_handle_pair_counts;context_only_handle_row_count;context_only_handle_target_count;context_only_is_surplus;context_only_rows_first_30;handle_status;next_ascent_target;path_decomposes_cleanly;path_handle_contrast_count;path_handle_pair_counts;path_handle_row_count;path_handle_target_count;prior_038_origin_status;prior_038_verdict;reading;theory_claim;true_source_contrast_row_count;true_source_row_count;true_source_target_row_count;verdict,,,address_handle_pair_counts;context_only_handle_pair_counts;path_handle_pair_counts,,True
artifacts/json/g900_six_nine_source_geometry_address_material_selector_040.v1.json,json,1,json_read,address_handle_pair_counts;address_handle_row_count;address_rows_first_20;audit_id;audit_pass;best_selector_vs_all;best_selector_vs_path_handle_shell;boundary;context_only_handle_row_count;context_only_pair_counts;context_only_rows_first_20;exact_material_selector_vs_all;exact_material_selector_vs_path_handle_shell;material_status;next_ascent_target;path_handle_row_count;prior_039_handle_status;prior_039_verdict;reading;selector_hit_count_vs_all;selector_hit_count_vs_path_handle_shell;theory_claim;true_source_row_count;verdict,,,address_handle_pair_counts;context_only_pair_counts,,True
artifacts/json/g900_six_nine_source_geometry_derivation_plateau_checkpoint_011.v1.json,json,1,json_read,audit_id;audit_pass;boundary;clean_negative_claim;earned_checks;earned_claim;input_count;keeper_lines;key_counts;loaded_input_count;missing_inputs;next_ascent_target;not_earned;plateau_status;repaired_008_note;verdict,,,repaired_008_note,,True
artifacts/json/g900_six_nine_source_geometry_packet_derivation_006.v1.json,json,1,json_read,anchor_values;artifact_counts_top_30;artifact_scan_count;audit_id;audit_pass;base_packet_checks;base_source_geometry_packet_hold_found;best_clean_ladder_selector_rule;boundary;branch_packet_checks;branch_value_family_hold_found;clean_ladder_selector_hold_found;clean_ladder_selector_rule_count;clean_ladder_selector_rules_first_20;deduped_foundation_row_count;derivation_status;foundation_rows_first_80;inside_moving_endpoint_values;ladder_values;next_ascent_target;outside_moving_endpoint_values;packet_field_count_distribution;phase_step_mod15_values;prior_004_exists;prior_004_verdict;prior_005_exists;prior_005_verdict;raw_foundation_row_count;source_endpoints_values;source_limit_start_values;source_side_gap_values;theory_claim;verdict,,,,base_source_geometry_packet_hold_found;branch_value_family_hold_found;clean_ladder_selector_hold_found;phase_step_mod15_values,True
artifacts/json/g900_six_nine_source_geometry_signature_origin_038.v1.json,json,1,json_read,audit_id;audit_pass;boundary;material_selected_contrast_count;material_selected_row_count;material_selected_target_count;material_signature;material_signature_exact_selector_found;material_signature_feature_count;next_ascent_target;origin_status;path_handle_contrast_count;path_handle_exact_selector_found;path_handle_pair_counts;path_handle_row_count;path_handle_rows_first_30;path_handle_target_count;prior_037_selector_status;prior_037_verdict;reading;selected_pair_counts;source_geometry_artifact_counts_top_20;source_geometry_contrast_count;source_geometry_origin_derivation_candidate_found;source_geometry_pair_counts;source_geometry_row_count;source_geometry_rows_first_30;source_geometry_target_count;strongest_target_only_family;theory_claim;true_source_contrast_row_count;true_source_row_count;true_source_target_row_count;verdict,,,path_handle_pair_counts;selected_pair_counts;source_geometry_pair_counts,,True
artifacts/json/g900_six_nine_source_like_endpoint_contrast_inspection_033.v1.json,json,1,json_read,artifact_counts_top_30;artifact_family_counts;audit_id;audit_pass;boundary;contrast_artifact_counts_top_30;contrast_artifact_family_counts;contrast_key_counts_top_30;contrast_pair_counts;contrast_rows_first_50;contrast_source_like_row_count;distinct_source_like_pair_count;excluded_meta_file_count;excluded_meta_files;inspection_status;key_counts_top_30;next_ascent_target;pair_counts;prior_031_scope_status;prior_031_verdict;prior_032_taxonomy_status;prior_032_verdict;reading;real_source_like_contrasts_found;scanned_file_count;source_like_endpoint_row_count;target_rows_first_30;target_source_like_row_count;theory_claim;verdict,,,contrast_pair_counts;distinct_source_like_pair_count;pair_counts,,True
artifacts/json/g900_six_nine_strong_packet_reflection_filter_050.v1.json,json,1,json_read,audit_id;audit_pass;boundary;exact_proposal_surface;exclusion_candidates_support_sample;filter_status;interpretive_frame;next_ascent_target;pair_exclusion_18_candidate_count;pair_exclusion_18_candidates_first_30;pair_retention_122_candidate_count;pair_retention_122_candidates_first_30;prior_049_verdict;proposal_surface_count;proposal_surface_rows_first_30;reading;reflection_filter_candidate_found;retention_candidates_support_sample;sample_row_count;single_exclusion_18_candidate_count;single_exclusion_18_candidates_first_30;single_retention_122_candidate_count;single_retention_122_candidates_first_30;source_005_sample_path;strong_source_packet_row_count_scalar;surface_sample_containment_count;theory_claim;verdict;visible_row_count,,,pair_exclusion_18_candidate_count;pair_exclusion_18_candidates_first_30;pair_retention_122_candidate_count;pair_retention_122_candidates_first_30,,True
artifacts/json/g900_six_nine_strong_packet_sample_predicate_microscope_049.v1.json,json,1,json_read,audit_id;audit_pass;boundary;common_feature_value_count;common_feature_values_first_80;exact_122_pair_predicates;exact_122_single_predicates;exact_visible_122_predicate_found;microscope_status;missing_rows_if_scalar_is_full_count;near_122_candidates_first_30;next_ascent_target;pair_predicate_scores_first_30;prior_047_verdict;prior_048_verdict;reading;sample_artifact_counts;sample_artifact_family_counts;sample_key_counts;sample_path;sample_row_count;sample_rows_first_20_compact;single_predicate_scores_first_30;skipped_files;source_name;strong_source_packet_row_count_scalar;theory_claim;verdict;visible_row_universe_count,,,exact_122_pair_predicates;pair_predicate_scores_first_30,,True
artifacts/json/g900_six_nine_strong_packet_two_stage_filter_051.v1.json,json,1,json_read,audit_id;audit_pass;boundary;next_ascent_target;pair_exclusion_18_in_scaffold_candidate_count;pair_exclusion_18_in_scaffold_first_30;pair_retention_122_in_scaffold_candidate_count;pair_retention_122_in_scaffold_first_30;prior_049_verdict;prior_050_verdict;raw_surface_count;reading;sample_in_scaffold_count;sample_row_count;scaffold_140_count;scaffold_140_rows_first_30;single_exclusion_18_in_scaffold_candidate_count;single_exclusion_18_in_scaffold_first_30;single_retention_122_in_scaffold_candidate_count;single_retention_122_in_scaffold_first_30;stage_a_exclusion_feature;stage_a_pass;stage_a_rejected_count;stage_a_rejected_rows_first_20;stage_b_candidate_found;stage_b_exclusion_supports_sample;stage_b_retention_supports_sample;stage_status;strong_source_packet_row_count_scalar;theory_claim;verdict;visible_row_count,,,pair_exclusion_18_in_scaffold_candidate_count;pair_exclusion_18_in_scaffold_first_30;pair_retention_122_in_scaffold_candidate_count;pair_retention_122_in_scaffold_first_30,,True
artifacts/json/g900_six_nine_true_source_endpoint_family_anatomy_035.v1.json,json,1,json_read,audit_id;audit_pass;boundary;construction_family_counts;contrast_only_families;contrast_pair_counts;distinct_pair_count;family_status;family_summary;mixed_families;next_ascent_target;pair_counts;prior_034_filter_status;prior_034_verdict;reading;target_only_families;theory_claim;true_source_contrast_row_count;true_source_row_count;true_source_target_row_count;verdict,,,contrast_pair_counts;distinct_pair_count;pair_counts,,True
artifacts/json/g900_slot12_composite_triangle_anatomy_001.v1.json,json,1,json_read,audit_pass;body;boundary;checks;input_paths;root_anatomy_rows;schema;selector_family;status;summary;transition_step_rows;version,,,,transition_step_rows,True
artifacts/json/g900_slot_carrier_census_v0.1.json,json,1,json_read,bad_edge_count;body;body_version;boundary;boundary_edge_count_set;candidate_families;cross_slot_pair_count;cross_slot_pairs;edge_count;internal_edge_count_set;missing_endpoint_edge_count;schema;slot_count;slot_ids;slot_size_counts;slots;status;tuple_edge_count;version;vertex_count,,cross_slot_pair_count;cross_slot_pairs;slot_count;slot_ids;slot_size_counts;slots,cross_slot_pair_count;cross_slot_pairs,,True
artifacts/json/g900_slot_internal_carriers_admission_v0.1.json,json,1,json_read,admitted_rails;admitted_slot_carrier_count;body;body_version;boundary;carrier_set_count;carrier_set_id;messages;per_slot_internal_edge_count;per_slot_vertex_count;schema;source_census;status;total_slot_internal_edges;total_slot_internal_vertices_counted_with_multiplicity;version,,admitted_slot_carrier_count;per_slot_internal_edge_count;per_slot_vertex_count;total_slot_internal_edges;total_slot_internal_vertices_counted_with_multiplicity,,,True
artifacts/json/g900_transport_choice_f0001_root_smoke_slot14_anatomy_046.v1.json,json,1,json_read,answer;artifact_id;boundary;checks;commit;commit_full;counts;failed_checks;git_status_short_before;inputs;interpretation;keeper;missing_inputs;question;recorded_at_utc;root_smoke_path;schema;slot14_anatomy_pass;slot14_surface_profile;status;top_field_tests;verdict;version,,slot14_anatomy_pass;slot14_surface_profile,,,True
artifacts/json/g900_transport_choice_f0001_slot14_boundary14_origin_probe_048.v1.json,json,1,json_read,answer;artifact_id;boundary;checks;commit;commit_full;counts;failed_checks;git_status_short_before;inputs;interpretation;keeper;missing_inputs;origin_probe_pass;question;recorded_at_utc;root_smoke_path;schema;selector_tests;slot14_boundary_split;status;verdict;version,,slot14_boundary_split,,,True
artifacts/json/g900_transport_choice_f0001_slot14_edgehit18_origin_probe_047.v1.json,json,1,json_read,answer;artifact_id;boundary;checks;commit;commit_full;counts;failed_checks;git_status_short_before;inputs;interpretation;keeper;missing_inputs;origin_probe_pass;question;recorded_at_utc;root_smoke_path;schema;selector_tests;slot14_decomposition;status;verdict;version,,slot14_decomposition,,,True
artifacts/json/g900_six_nine_corrected_target_union_compare_059.v1.json,json,4,json_read,audit_id;audit_pass;boundary;candidate_122_count;compare_status;exact_110_single_feature_candidate_count;exact_66_single_feature_candidate_count;exact_match_found;exact_matches_first_20;exact_target_match_count;matched_union_csv_path;nearest_diff_csv_path;nearest_unions_first_20;next_ascent_target;prior_052_verdict;prior_053_verdict;prior_058_verdict;reading;shell_count;target_058_corrected_surplus_count;target_058_count;target_058_promoted_count;target_058_reconstruction;target_058_selected_core_count;theory_claim;union_candidate_count;verdict;visible_row_count,,,,,False
artifacts/csv/g900_six_nine_return_home_receipt_ledger_068_route_holds.v1.csv,csv,3,csv_read,hold;role;status;load_bearing_value,10,,,hold,False
artifacts/json/g900_six_nine_normalized_union_overlap_060.v1.json,json,3,json_read,audit_id;audit_pass;best_normalized_diff_csv_path;boundary;candidate_122_count;comparisons_first_20;exact_normalized_match_count;exact_normalized_matches_first_20;next_ascent_target;normalized_match_found;overlap_status;prior_052_verdict;prior_058_verdict;prior_059_verdict;reading;shell_count;signature_modes;target_058_count;target_058_row_key_count;theory_claim;union_candidate_count;verdict;visible_row_count,,,,,False
artifacts/csv/g900_transport_choice_f0001_slot14_boundary_carrier_choice_probe_049_target_graph.v1.csv,csv,2,csv_read,graph_item;value;interpretation;promotion_status,11,,,,False
artifacts/json/g900_six_nine_address_core_material_target_compare_054.v1.json,json,2,json_read,address_target_match_found;audit_id;audit_pass;boundary;candidate_122_count;next_ascent_target;prior_039_verdict;prior_040_verdict;prior_052_verdict;prior_053_verdict;reading;rowish_arrays_summary_first_40;selector_counts_nearest_298_first_40;selector_feature_set_count_040;selector_target_match_count;selector_target_matches_first_20;selector_visible_298_count;target_298_array_count;target_array_match_count;target_array_matches_first_20;target_available;target_rowish_array_count_039_040;target_status;theory_claim;union_candidate_count_recomputed;verdict;visible_row_count,,,,,False
artifacts/json/g900_six_nine_address_core_material_target_export_055.v1.json,json,2,json_read,address_sample_count;audit_id;audit_pass;boundary;chosen_selector;context_only_sample_count;csv_path;exact_332_shell_candidate_count;export_status;exported_rows_first_30;exported_target_count;next_ascent_target;prior_040_verdict;prior_054_verdict;reading;sample_consistent_selector_hit_count;selector_hits_first_30;shell_local_298_selector_hit_count;theory_claim;verdict;visible_row_count,,,,,False
artifacts/json/g900_six_nine_one_row_correction_probe_058.v1.json,json,2,json_read,audit_id;audit_pass;baseline_count;baseline_reports;boundary;candidate_target_csv_path;candidate_target_rows_first_30;chosen_correction;corrected_surplus_rows_first_30;correction_status;next_ascent_target;one_row_correction_candidate_count;prior_057_verdict;promoted_row_csv_path;reading;shell_count;shell_feature;theory_claim;verdict;visible_row_count,,,,,False
artifacts/json/g900_six_nine_rowlevel_union_candidate_scout_053.v1.json,json,2,json_read,audit_id;audit_pass;boundary;candidate_122_count;exact_110_candidates_first_30;exact_110_single_feature_candidate_count;exact_298_candidates_first_30;exact_298_single_feature_candidate_count;exact_66_candidates_first_30;exact_66_single_feature_candidate_count;next_ascent_target;prior_052_verdict;raw_surface_count;reading;scaffold_count;scan_scope;theory_claim;union_110_122_66_hit_count;union_count_pass;union_equals_target_pass;union_equals_visible_298_target_hit_count;union_hits_first_30;union_status;union_target_hits_first_30;verdict;visible_row_count,,,,,False
artifacts/json/g900_six_nine_target_only_source_family_signature_036.v1.json,json,2,json_read,audit_id;audit_pass;boundary;mixed_families;next_ascent_target;non_endpoint_common_feature_counts;prior_035_family_status;prior_035_verdict;reading;signature_status;strong_signature_found;strongest_target_only_family;target_only_families;target_only_family_count;target_only_family_inspection;theory_claim;verdict,,,,,False
artifacts/csv/g900_slot12_composite_triangle_anatomy_001_roots.v1.csv,csv,1,csv_read,root;root_local;label_at_30;dominant_label;dominant_label_count;distinct_label_count;switch_count;compressed_sequence;has_12_to_6;has_6_to_9;has_9_to_12;has_6_12_to_12;has_core_triangle;transition_positions;direct_6_9_boundary_carrier_exists;flanking_6_12_boundary_carrier_exists;flanking_9_12_boundary_carrier_exists;channels_admitted,60,,,,False
artifacts/csv/g900_slot12_composite_triangle_anatomy_001_transition_steps.v1.csv,csv,1,csv_read,root;root_local;transition;from_limit;to_limit;delta_edge_count;delta_edges;delta_vertex_count;delta_vertices;delta_edge_hits;before_support;after_support;channels_admitted,240,,,,False
artifacts/csv/g900_transport_choice_construction_context_family_census_034_target_family_rows.v1.csv,csv,1,csv_read,stress_id;selector_expression;fields;values;bucket_size;sharpness;stress_blocker;provenance_status;family_key;source_family_key;role_token_count;tuple_token_count;other_token_count;sample_role_tokens;sample_tuple_tokens;sample_source_paths;promoted_to_family_candidate,297,,,,False
artifacts/csv/g900_transport_choice_constructive_provenance_search_033_targets.v1.csv,csv,1,csv_read,stress_id;selector_expression;fields;values;bucket_size;sharpness;stress_blocker;frontier_indices;candidate_indices;common_role_token_count;common_q_edge_token_count;primary_token_count;construction_token_hit_count;selector_token_hit_count;other_token_hit_count;construction_cooccurrence_count;selector_cooccurrence_count;provenance_status;promoted_to_provenance_candidate;sample_tokens;sample_hit_paths,323,,,,False
artifacts/csv/g900_transport_choice_f0001_root_smoke_slot14_anatomy_046_field_tests.v1.csv,csv,1,csv_read,selector_name;selected_count;true_positive_count;false_positive_count;false_negative_count;true_negative_count;exact_for_045_surface;selector_status;promoted_to_source_law;promoted_to_admission,10,,,,False
artifacts/csv/g900_transport_choice_f0001_root_smoke_slot14_anatomy_046_summary.v1.csv,csv,1,csv_read,summary_id;summary_name;count;interpretation;promotion_status,9,,,,False
artifacts/csv/g900_transport_choice_f0001_slot14_boundary14_origin_probe_048_selector_tests.v1.csv,csv,1,csv_read,selector_name;selected_count;true_positive_count;false_positive_count;false_negative_count;true_negative_count;exact_for_047_surface;selector_status;promoted_to_source_law;promoted_to_admission,10,,,,False
artifacts/csv/g900_transport_choice_f0001_slot14_boundary14_origin_probe_048_summary.v1.csv,csv,1,csv_read,summary_id;summary_name;count;interpretation;promotion_status,9,,,,False
artifacts/csv/g900_transport_choice_f0001_slot14_boundary_carrier_choice_probe_049_selector_tests.v1.csv,csv,1,csv_read,selector_name;selected_count;true_positive_count;false_positive_count;false_negative_count;true_negative_count;exact_for_048_carrier_set;selector_status;promoted_to_source_law;promoted_to_admission,8,,,,False
artifacts/csv/g900_transport_choice_f0001_slot14_boundary_carrier_choice_probe_049_summary.v1.csv,csv,1,csv_read,summary_id;summary_name;count;interpretation;promotion_status,10,,,,False
artifacts/csv/g900_transport_choice_f0001_slot14_edgehit18_origin_probe_047_selector_tests.v1.csv,csv,1,csv_read,selector_name;selected_count;true_positive_count;false_positive_count;false_negative_count;true_negative_count;exact_for_046_surface;selector_status;promoted_to_source_law;promoted_to_admission,10,,,,False
artifacts/csv/g900_transport_choice_f0001_slot14_edgehit18_origin_probe_047_summary.v1.csv,csv,1,csv_read,summary_id;summary_name;count;interpretation;promotion_status,10,,,,False
artifacts/csv/g900_transport_choice_f0001_slot14_hub_leaf_source_probe_050_selector_tests.v1.csv,csv,1,csv_read,selector_name;selected_count;target_count;true_positive_count;false_positive_count;false_negative_count;true_negative_count;exact;selector_status;promoted_to_source_law;promoted_to_admission,8,,,,False
artifacts/csv/g900_transport_choice_f0001_slot14_hub_leaf_source_probe_050_summary.v1.csv,csv,1,csv_read,summary_id;summary_name;count;interpretation;promotion_status,9,,,,False
artifacts/csv/g900_transport_permission_sharpness_audit_021_pair_selectors.v1.csv,csv,1,csv_read,feature_a;feature_b;seed_value_a;seed_value_b;bucket_count;negative_bucket_count;exact_selects_seed;frontier_candidate_indices_in_bucket,39,,,,False
artifacts/json/g900_g15_cube_six_nine_hypothesis_probe_001.v1.json,json,1,json_read,answer;audit_pass;boundary;checks;created_utc;cube_register;cube_relations;cube_role_hypotheses;current_state;evidence_signature;failed_checks;g15_cube_hypothesis;git_head;hashes;label_assignment_probe;next_allowed_math_acts;question;schema;six_nine_cube_reading;status;verdict;version,,,,,False
artifacts/json/g900_local_non_pair_identity_transition_length_law_001.v1.json,json,1,json_read,admission_context;answer;audit_pass;boundary;candidate;checks;created_utc;criteria;failed_checks;hash_receipts;interpretation;law;question;schema;source_receipts;status;summary;verdict;version,,,,,False
artifacts/json/g900_primary_slot_projection_census_001.v1.json,json,1,json_read,audit_pass;body;boundary;checks;input_paths;schema;selector;status;summary;version,,,,,False
artifacts/json/g900_root_slot_12_2324_source_provenance_probe_001.v1.json,json,1,json_read,audit_pass;best_candidate;best_family;boundary;checks;created_utc;failed_checks;field_families;git_head;hashes;interpretation;next_allowed_math_acts;question;scans;schema;source_search_status;status;target;verdict;version,,,,,False
artifacts/json/g900_six_nine_040_missing_selector_replay_056.v1.json,json,1,json_read,address_sample_count;address_sample_match_count;audit_id;audit_pass;boundary;chosen_replay;context_only_sample_count;context_sample_exclusion_count;context_sample_match_count;csv_path;exact_332_shell_candidate_count;exported_rows_first_30;exported_target_count;next_ascent_target;prior_040_verdict;prior_055_verdict;reading;replay_332_to_298_hit_count;replay_hits_first_20;replay_status;selector_features;selector_positive_value;surplus_rows_first_20;theory_claim;verdict;visible_row_count,,,,,False
artifacts/json/g900_six_nine_040_selector_schema_path_replay_057.v1.json,json,1,json_read,address_sample_count;audit_id;audit_pass;boundary;chosen_replay;context_only_sample_count;csv_path;exact_332_shell_candidate_count;expected_040_features;expected_040_positive_value;exported_rows_first_30;exported_target_count;next_ascent_target;prior_040_verdict;prior_056_verdict;reading;replay_status;schema_replay_hit_count;schema_replay_hits_first_20;shell_reports_first_10;surplus_rows_first_20;theory_claim;verdict;visible_row_count,,,,,False
artifacts/json/g900_six_nine_address_core_expansion_count_law_045.v1.json,json,1,json_read,address_core_count;audit_id;audit_pass;boundary;contrast_034_true_source_contrast_row_count;contrast_035_true_source_contrast_row_count;decompositions_tested;exact_decomposition_found;expansion_status;next_ascent_target;optional_missing;origin_seed_count;prior_043_verdict;prior_044_verdict;reading;residual_to_address_core;strong_source_packet_row_count;theory_claim;verdict,,,,,False
artifacts/json/g900_six_nine_address_core_origin_seed_mismatch_044.v1.json,json,1,json_read,address_echo_overlap_count_043;address_handle_row_count_039;address_origin_surface_count_043;address_sample_echo_matches;address_sample_origin_matches;audit_id;audit_pass;boundary;context_only_handle_row_count_039;exact_prior_address_count_043;foundation_echo_surface_count_043;mismatch_is_count_exposure_not_overlap;mismatch_status;next_ascent_target;no_echo_overlap_043;path_handle_row_count_039;path_remainder_after_origin_and_echo;prior_039_verdict;prior_043_verdict;reading;residual_to_298;sample_supports_echo_outside_address;sample_supports_origin_inside_address;seed_surface_reading_pass;stored_address_sample_count;stored_surplus_sample_count;surplus_sample_echo_matches;surplus_sample_origin_matches;theory_claim;verdict,,,,,False
artifacts/json/g900_six_nine_address_core_origin_surface_043.v1.json,json,1,json_read,address_echo_overlap_count;address_origin_rows_first_20;address_origin_signature;address_origin_source_file_counts;address_origin_surface_count;audit_id;audit_pass;both_row_count;boundary;exact_prior_address_count;foundation_echo_rows_first_20;foundation_echo_signature;foundation_echo_source_file_counts;foundation_echo_surface_count;next_ascent_target;no_echo_overlap;origin_status;prior_039_address_handle_row_count;prior_039_context_only_handle_row_count;prior_039_verdict;prior_041_verdict;prior_042_verdict;reading;scanned_context_row_count;skipped_files;source_geometry_like_row_count;theory_claim;verdict,,,,,False
artifacts/json/g900_six_nine_af_return_seam_probe_001.v1.json,json,1,json_read,af_status;already_supported;audit_pass;boundary;checks;created_utc;evaluation;failed_checks;git_head;hashes;hypothesis;metaphor_only;native_selector;next_allowed_math_acts;reading;schema;status;verdict;version,,,,,False
artifacts/json/g900_six_nine_answering_outside_fork_audit_001.v1.json,json,1,json_read,all_candidate_summaries;answering_candidate_count;answering_fork_unique;audit_pass;best_answering_fork;best_inside_failure;boundary;candidate_universe;checks;created_utc;failed_checks;git_head;hashes;inside_failure_candidate_count;inside_failure_candidates;inside_failure_proxy_definition;inside_failure_unique;interpretation_boundary;next_allowed_math_acts;question;ranked_candidates_first_20;reading;receipt_candidate_count;receipt_candidates;receipt_proxy_definition;schema;selector_status;status;target;verdict;version,,,,,False
artifacts/json/g900_six_nine_broken_ladder_face_source_law_027.v1.json,json,1,json_read,audit_id;audit_pass;boundary;law_status;next_ascent_target;prediction_fail_count;prediction_match_count;prior_023_collapse_status;prior_023_verdict;prior_026_law_found;prior_026_law_status;prior_026_verdict;reading;representative_derivation;source_law_formula;source_law_pass;tested_broken_family_row_count;tested_rows;theory_claim;verdict,,,,,False
artifacts/json/g900_six_nine_endpoint_chord_hinge_origin_law_029.v1.json,json,1,json_read,audit_id;audit_pass;boundary;broken_face_common;endpoint_chord_origin_law_pass;endpoint_face_common;next_ascent_target;origin_formula;origin_status;prediction;prior_025_verdict;prior_026_verdict;prior_027_verdict;prior_028_verdict;reading;tests;theory_claim;verdict,,,,,False
artifacts/json/g900_six_nine_endpoint_chord_source_provenance_scout_030.v1.json,json,1,json_read,artifact_counts_top_30;audit_id;audit_pass;best_selector;boundary;contrast_chord_row_count;contrast_only_values_first_30;contrast_rows_first_20;endpoint_scan_row_count;exact_selector_count;next_ascent_target;prior_029_origin_status;prior_029_verdict;provenance_status;selector_status;selectors_first_30;target_chord_row_count;target_only_values_first_30;target_rows_first_20;theory_claim;top_value_gaps;verdict,,,,,False
artifacts/json/g900_six_nine_expansion_source_field_inventory_046.v1.json,json,1,json_read,address_core_candidate_found;audit_id;audit_pass;boundary;contrast_component_candidate_found;exact_candidate_counts;exact_candidates_first_20_by_target;expansion_residual_candidate_found;foundation_signature_row_count_in_scan;inventory_status;next_ascent_target;origin_signature_row_count_in_scan;prior_043_verdict;prior_044_verdict;prior_045_verdict;reading;row_level_source_candidates_found;scanned_context_row_count;skipped_files;strong_component_candidate_found;target_counts;theory_claim;verdict,,,,,False
artifacts/json/g900_six_nine_explicit_half_turn_witness_search_001.v1.json,json,1,json_read,audit_pass;best_candidate;boundary;candidate_map_family;candidate_results;checks;created_utc;failed_checks;git_head;hashes;hypothesis;interpretation_boundary;literal_reverse_candidates;next_allowed_math_acts;pure_unsupported_half_turns;reading;schema;search_status;status;supported_fork_candidates;target;verdict;version,,,,,False
artifacts/json/g900_six_nine_fork_plateau_checkpoint_001.v1.json,json,1,json_read,audit_pass;boundary;chain;earned_claim;failed_checks;keeper_lines;next_sane_moves;not_yet_earned;plateau_status;schema;status;verdict;version,,,,,False
artifacts/json/g900_six_nine_foundation_packet_broader_origin_selector_009.v1.json,json,1,json_read,artifact_counts_top_30;artifact_scan_count;audit_id;audit_pass;best_selector;boundary;broad_packet_row_count;contrast_artifact_counts_top_30;contrast_row_count;contrast_rows_first_30;exact_selector_count;forbidden_foundation_fields_excluded_as_selectors;forbidden_leakage_fields_excluded;next_ascent_target;origin_status;prior_007_verdict;prior_008_verdict;selector_status;selectors_first_30;target_artifact_counts_top_30;target_foundation_row_count;target_rows_first_30;theory_claim;verdict,,,,,False
artifacts/json/g900_six_nine_foundation_packet_context_contrast_010.v1.json,json,1,json_read,artifact_counts_top_30;artifact_scan_count;audit_id;audit_pass;best_selector;boundary;context_packet_row_count;contrast_artifact_counts_top_30;contrast_row_count;contrast_rows_first_20;exact_selector_count;next_ascent_target;origin_status;prior_009_exact_selector_count;prior_009_verdict;selector_status;selectors_first_30;target_artifact_counts_top_30;target_foundation_row_count;target_rows_first_20;theory_claim;verdict,,,,,False
artifacts/json/g900_six_nine_half_turn_witness_probe_001.v1.json,json,1,json_read,audit_pass;boundary;checks;created_utc;failed_checks;family_results;git_head;half_turn_witness_proxy_definition;hashes;hypothesis;interpretation_boundary;next_allowed_math_acts;package_summaries;reading;schema;status;target;verdict;version;witness_status,,,,,False
artifacts/json/g900_six_nine_inside6_gap_phase_origin_law_028.v1.json,json,1,json_read,audit_id;audit_pass;boundary;next_ascent_target;origin_law_formula;origin_law_pass;origin_status;prediction_fail_count;prediction_match_count;prior_027_law_status;prior_027_source_law_pass;prior_027_verdict;reading;representative_prediction;tested_row_count;tested_rows;theory_claim;verdict,,,,,False
artifacts/json/g900_six_nine_inside6_two_faced_hinge_cell_law_026.v1.json,json,1,json_read,audit_id;audit_pass;boundary;broken_face;endpoint_face;keeper_line;law_status;local_hinge_law_candidate_found;next_ascent_target;prior_025_cell_status;prior_025_verdict;reading;tests;theory_claim;verdict,,,,,False
artifacts/json/g900_six_nine_inside_outside_return_audit_001.v1.json,json,1,json_read,audit_pass;boundary;checks;contrast;created_utc;failed_checks;formal_terms;git_head;hashes;hypothesis;inside_outside_status;inside_return;interpretation_boundary;next_allowed_math_acts;outside_return;reading;relation_to_prior_true_antipode_probe;schema;status;target;verdict;version,,,,,False
artifacts/json/g900_six_nine_local_global_obstruction_probe_001.v1.json,json,1,json_read,answer;audit_pass;boundary;boundary_by_source;checks;created_utc;extracted_tokens;failed_checks;git_head;hashes;hit_count;hit_rows_first_30;next_allowed_math_acts;next_questions;package_by_source;path_depth_summary;preferred_scope;question;record_count;record_rows_first_10;schema;scope_candidates;signals;sixty_by_source;source_counts;status;transport_or_channel_block;unsupported_by_source;verdict;version,,,,,False
artifacts/json/g900_six_nine_native_fork_law_probe_001.v1.json,json,1,json_read,audit_pass;boundary;candidate_law;checks;created_utc;derived_values;failed_checks;fork_law_status;frame_tests;git_head;hashes;interpretation_boundary;next_allowed_math_acts;question;reading;same_limit_universe;schema;status;verdict;version,,,,,False
artifacts/json/g900_six_nine_obstruction_anatomy_001.v1.json,json,1,json_read,answer;audit_pass;boundary;candidate;candidate_records_first_10;checks;created_utc;current_state;downstream_questions;evidence_hits_first_20;evidence_summary;failed_checks;git_head;hashes;next_allowed_math_acts;question;schema;sixty_hits_first_20;source_profiles;status;unsupported_hits_first_20;verdict;version,,,,,False
artifacts/json/g900_six_nine_remaining_360_phase_inside_strata_020.v1.json,json,1,json_read,audit_id;audit_pass;boundary;inside6_necessary_for_remaining360;inside6_row;inside9_excluded_from_remaining360;inside9_row;inside_is6_true_row;inside_is9_true_row;ladder_broken_row;ladder_clean_row;next_ascent_target;phase1_row;phase3_core_fraction_of_remaining360;phase3_core_present;phase3_row;phase_is_3_false_row;phase_is_3_true_row;prior_019_remaining_vs_120_selector_count;prior_019_remaining_vs_all_selector_count;prior_019_scout_status;prior_019_verdict;reading;remaining360_count;residual_remaining360_after_phase3;span120_count;strata_status;stratum_counts;theory_claim;verdict,,,,,False
artifacts/json/g900_six_nine_remaining_360_source_variable_scout_019.v1.json,json,1,json_read,audit_id;audit_pass;best_remaining_vs_120_selector;best_remaining_vs_all_selector;boundary;next_ascent_target;prior_018_verdict;remaining_vs_120_selector_count;remaining_vs_120_top_gaps;remaining_vs_all_selector_count;row_count;scout_status;stratum_counts;theory_claim;verdict,,,,,False
artifacts/json/g900_six_nine_residual_360_after_phase3_anatomy_021.v1.json,json,1,json_read,audit_id;audit_pass;best_residual_vs_all_selector;best_residual_vs_core_selector;boundary;next_ascent_target;prior_020_residual_remaining360_after_phase3;prior_020_verdict;residual_rows_first_20;residual_status;residual_vs_all_selector_count;residual_vs_core_selector_count;residual_vs_core_top_gaps;row_class_counts;row_count;theory_claim;verdict,,,,,False
artifacts/json/g900_six_nine_residual_360_manual_row_microscope_022.v1.json,json,1,json_read,artifact_counts;audit_id;audit_pass;boundary;common_fields;ladder_value_counts;microscope_status;mixed_fields;next_ascent_target;phase_value_counts;prior_021_residual_status;prior_021_residual_vs_all_selector_count;prior_021_residual_vs_core_selector_count;prior_021_verdict;reading;residual_row_count;residual_rows;theory_claim;verdict,,,,,False
artifacts/json/g900_six_nine_residual_360_packet_shape_collapse_023.v1.json,json,1,json_read,audit_id;audit_pass;boundary;collapse_status;expected_two_shape_collapse;next_ascent_target;prior_022_microscope_status;prior_022_verdict;reading;residual_row_count;residual_shape_class_count;shape_class_counts;shape_families;theory_claim;verdict,,,,,False
artifacts/json/g900_six_nine_residual_shape_upstream_provenance_024.v1.json,json,1,json_read,audit_id;audit_pass;boundary;expected_upstream_two_family_provenance;family_count;family_profiles;next_ascent_target;prior_023_collapse_status;prior_023_verdict;provenance_status;reading;row_count;tests;theory_claim;verdict,,,,,False
artifacts/json/g900_six_nine_residual_two_shape_local_cell_provenance_025.v1.json,json,1,json_read,audit_id;audit_pass;boundary;broken_ladder_phase1_gap_family;candidate_local_cell_reading;cell_status;endpoint_only_family;family_names;next_ascent_target;prior_023_collapse_status;prior_023_verdict;prior_024_provenance_status;prior_024_verdict;reading;tests;theory_claim;verdict,,,,,False
artifacts/json/g900_six_nine_return_span_carrier_variable_scout_014.v1.json,json,1,json_read,artifact_scan_count;audit_id;audit_pass;best_carrier_selector;best_selector;boundary;carrier_selector_count;exact_selector_count;family_counts_top_80_value_gaps;next_ascent_target;outside_anchor_120_row_count;outside_anchor_360_row_count;prior_013_span_status;prior_013_verdict;return_span_row_count;scout_status;selector_excluded_fragments;selector_status;selectors_first_30;span120_only_values_first_30;span120_rows_first_20;span360_only_values_first_30;span360_rows_first_20;theory_claim;top_value_gaps;verdict,,,,,False
artifacts/json/g900_six_nine_return_span_class_audit_013.v1.json,json,1,json_read,audit_id;audit_pass;boundary;focus_rows;has_return_span_pressure;interpretation;limit_residue_rows;next_ascent_target;outside_anchor_120_contrast_only_rows;outside_anchor_360_rows;outside_anchor_rows;prior_012_contrast_row_count;prior_012_exact_selector_count;prior_012_target_foundation_row_count;prior_012_verdict;shell_decomposition_rows;span_status;theory_claim;verdict,,,,,False
artifacts/json/g900_six_nine_return_span_gap_family_anatomy_015.v1.json,json,1,json_read,anatomy_status;audit_id;audit_pass;boundary;family_counts_top_20;family_counts_top_50;next_ascent_target;pressure_flags;prior_014_carrier_selector_count;prior_014_exact_selector_count;prior_014_outside_anchor_120_row_count;prior_014_outside_anchor_360_row_count;prior_014_return_span_row_count;prior_014_scout_status;prior_014_verdict;ranked_families;reading;span120_only_values_first_20;span360_only_values_first_20;strongest_family;theory_claim;top_gap;top_value_gaps_first_30;verdict,,,,,False
artifacts/json/g900_six_nine_return_span_source_variable_anatomy_016.v1.json,json,1,json_read,audit_id;audit_pass;boundary;next_ascent_target;prior_014_exact_selector_count;prior_014_outside_anchor_120_row_count;prior_014_outside_anchor_360_row_count;prior_014_return_span_row_count;prior_014_verdict;prior_015_strongest_family;prior_015_verdict;ranked_source_features;ranked_source_subfamilies;reading;source_120_only_first_20;source_120_only_row_count;source_360_only_first_20;source_360_only_row_count;source_gap_row_count;source_gaps_first_50;source_status;strongest_source_feature;strongest_source_subfamily;theory_claim;verdict,,,,,False
artifacts/json/g900_six_nine_sheet_wrap_candidate_inspection_001.v1.json,json,1,json_read,audit_pass;boundary;checks;contrast;created_utc;failed_checks;git_head;hashes;hypothesis;inspection_status;interpretation_boundary;maps;next_allowed_math_acts;reading;schema;status;target;verdict;version,,,,,False
artifacts/json/g900_six_nine_shell_scale_origin_hypothesis_012.v1.json,json,1,json_read,artifact_counts_top_30;audit_id;audit_pass;best_selector;boundary;contrast_only_shell_values_first_30;contrast_row_count;exact_selector_count;next_ascent_target;packet_row_count;prior_010_exact_selector_count;prior_010_verdict;prior_011_verdict;selector_status;selectors_first_30;shell_constants;shell_status;target_foundation_row_count;target_only_shell_values_first_30;theory_claim;top_shell_value_gaps;verdict,,,,,False
artifacts/json/g900_six_nine_source_geometry_field_origin_inventory_005.v1.json,json,1,json_read,artifact_counts_top_30;artifact_scan_count;audit_id;audit_pass;boundary;carrier_incidence_candidate_row_count;carrier_incidence_rows_first_20;field_counts;full_packet_row_count;inventory_row_count;inventory_rows_first_100;next_ascent_target;nonleaky_full_packet_row_count;nonleaky_full_packet_rows_first_20;origin_status;prior_004_derivation_status;prior_004_exists;prior_004_verdict;skipped_errors;source_geometry_origin_candidate_found;strong_source_packet_row_count;strong_source_packet_rows_first_20;theory_claim;verdict,,,,,False
artifacts/json/g900_six_nine_source_geometry_surplus_context_anatomy_041.v1.json,json,1,json_read,address_artifact_counts;address_context_key_counts;address_key_counts;address_only_context_keys;anatomy_status;audit_id;audit_pass;boundary;next_ascent_target;prior_039_address_handle_row_count;prior_039_context_only_handle_row_count;prior_039_handle_status;prior_039_verdict;reading;stored_address_sample_count;stored_surplus_sample_count;strong_anatomy_signal;surplus_artifact_counts;surplus_context_key_counts;surplus_key_counts;surplus_only_context_keys;theory_claim;top_context_value_differences;verdict,,,,,False
artifacts/json/g900_six_nine_source_geometry_surplus_foundation_echo_042.v1.json,json,1,json_read,address_has_origin_status;address_origin_hit_count;address_origin_keys_expected;address_origin_keys_found;audit_id;audit_pass;boundary;echo_split_pass;echo_status;next_ascent_target;prior_041_anatomy_status;prior_041_verdict;reading;stored_address_sample_count;stored_surplus_sample_count;surplus_foundation_hit_count;surplus_foundation_keys_expected;surplus_foundation_keys_found;surplus_has_foundation_status;theory_claim;top_gap_features_first_12;verdict,,,,,False
artifacts/json/g900_six_nine_source_limit_return_span_selector_017.v1.json,json,1,json_read,audit_id;audit_pass;best_selector;boundary;exact_selector_count;limit_status;next_ascent_target;outside_anchor_120_row_count;outside_anchor_360_row_count;prior_014_verdict;prior_016_strongest_source_feature;prior_016_strongest_source_subfamily;prior_016_verdict;return_span_row_count;selector_status;selectors_first_30;span120_only_limit_values_first_30;span360_only_limit_values_first_30;theory_claim;top_limit_value_gaps;verdict,,,,,False
artifacts/json/g900_six_nine_source_limit_strata_anatomy_018.v1.json,json,1,json_read,audit_id;audit_pass;boundary;endpoint_start_rows;gap_start_rows;has_120_start_strata;has_360_start_23_pressure;ladder_start_rows;next_ascent_target;phase_start_rows;prior_017_exact_selector_count;prior_017_limit_status;prior_017_outside_anchor_120_row_count;prior_017_outside_anchor_360_row_count;prior_017_return_span_row_count;prior_017_verdict;reading;span120_exclusion_by_start_not_23;span120_start_0;span120_start_1;span360_start_23_pressure;start_is_23_rows;start_mod15_rows;start_rows;strata_status;theory_claim;verdict,,,,,False
artifacts/json/g900_six_nine_strong_packet_candidate_rowset_export_052.v1.json,json,1,json_read,audit_id;audit_pass;boundary;candidate_122_count;candidate_122_rows_first_30;csv_path;disjoint_stage_a_candidate;disjoint_stage_b_candidate;export_status;next_ascent_target;prior_040_verdict;prior_051_verdict;raw_partition_ok;raw_surface_count;reading;row_level_union_with_110_and_66_reason;row_level_union_with_110_and_66_tested;sample_feature_support_count;sample_row_count;scaffold_count;scaffold_partition_ok;stage_a_exclusion;stage_a_rejected_count;stage_a_rejected_rows_first_20;stage_b_rejected_count;stage_b_rejected_rows_first_20;stage_b_retention_features;strong_source_packet_row_count_scalar;theory_claim;verdict;visible_row_count,,,,,False
artifacts/json/g900_six_nine_strong_packet_rowset_locator_047.v1.json,json,1,json_read,arrays_len_122_count;arrays_len_122_first_20;arrays_near_122_count;arrays_near_122_first_20;audit_id;audit_pass;boundary;count_fields_first_80;interesting_object_paths_first_40;literal_122_array_found;locator_status;next_ascent_target;prior_046_inventory_status;prior_046_verdict;reading;rowish_122_array_found;rowish_arrays_count;rowish_arrays_first_20;scalar_122_found;scalar_122_path_count;scalar_122_paths;source_name;theory_claim;verdict,,,,,False
artifacts/json/g900_six_nine_strong_packet_scalar_provenance_048.v1.json,json,1,json_read,artifact_005_mentions_scalar;artifact_hit_count;artifact_hits_first_30;audit_id;audit_pass;boundary;hit_path_count;next_ascent_target;note_hit_count;note_hits_first_20;other_hit_count;other_hits_first_20;prior_047_locator_status;prior_047_verdict;provenance_status;reading;search_terms;source_code_hit_count;source_code_hits_first_30;source_script_candidate_found;term_counts;theory_claim;tmp_hit_count;tmp_hits_are_generated_audit_noise;tmp_hits_first_30;top_hit_paths;total_hit_count;verdict,,,,,False
artifacts/json/g900_six_nine_support_failure_table_001.v1.json,json,1,json_read,answer;audit_pass;boundary;candidate_failure_records_first_20;checks;created_utc;current_state;evidence_counts;extracted_tokens;failed_checks;failure_law_reading;git_head;hashes;next_allowed_math_acts;question;schema;source_counts;status;support_failure_table_first_120;uniformity_signals;verdict;version,,,,,False
artifacts/json/g900_six_nine_trace_classification_001.v1.json,json,1,json_read,answer;atom_results;audit_pass;boundary;candidate;checks;created_utc;criterion_used;current_state;failed_checks;git_head;hashes;next_allowed_math_acts;question;schema;status;trace_classification;verdict;version,,,,,False
artifacts/json/g900_transport_choice_f0001_slot14_boundary_carrier_choice_probe_049.v1.json,json,1,json_read,answer;artifact_id;boundary;checks;choice_probe_pass;commit;commit_full;counts;failed_checks;git_status_short_before;inputs;interpretation;keeper;missing_inputs;question;recorded_at_utc;root_smoke_path;schema;selector_tests;status;target_graph;verdict;version,,,,,False
artifacts/json/g900_transport_choice_f0001_slot14_hub_leaf_source_probe_050.v1.json,json,1,json_read,answer;artifact_id;boundary;checks;commit;commit_full;counts;failed_checks;git_status_short_before;inputs;interpretation;keeper;missing_inputs;question;recorded_at_utc;rules;schema;selector_tests;sets;source_probe_pass;status;verdict;version,,,,,False
artifacts/json/g900_transport_pair_selector_admission_hypothesis_audit_022.v1.json,json,1,json_read,artifact_id;audit_pass;best_hypotheses;boundary;checks;commit;commit_full;counts;failed_checks;git_status_short_before;honest_answer;inputs;interpretation;keeper;missing_inputs;question;ranking_rule;recorded_at_utc;schema;status;verdict;version,,,,,False
